refund_id,refunded_at,order_id,amount,currency
rf-NO-29464729,2026-01-11T14:49:00Z,NO-29464729,45.67,USD
rf-NO-29497730,2026-02-03T12:50:00Z,NO-29497730,49.31,USD
rf-NO-29469002,2026-01-17T14:02:00Z,NO-29469002,76.35,USD
rf-NO-29463827,2026-01-15T23:47:00Z,NO-29463827,118.94,USD
rf-NO-29475297,2026-01-24T22:57:00Z,NO-29475297,62.16,USD
rf-NO-29483782,2026-01-28T20:22:00Z,NO-29483782,83.97,USD
rf-NO-29502522,2026-02-09T20:42:00Z,NO-29502522,93.82,USD
rf-NO-29491986,2026-01-28T13:06:00Z,NO-29491986,57.62,USD
rf-orphan-01,2026-01-06T00:28:00Z,NO-00000000,300.23,USD
